faction_0,eeff70cf-b1ae-3a17-9ae1-caffc7ecad59
faction__1,4088f786-4aa1-3034-b453-eaad63ae41d6
faction_2,8d799956-3ef3-3663-8090-eb48cab00c6e
faction__2,ea233630-7d07-38f9-8258-fca44459517d
faction_1,4a33caca-d9aa-37f8-b7e7-5d1e72faec55
eureur7,10dea7e0-5878-4e1a-a8cf-edb9e53cd11c
captainsalade,1458977a-265b-4b84-92d6-ba16c4515bfa
zeeniixyt,a571f6aa-52f0-4832-b031-362f1399be7e
143eda39_33f3_37fd_873e_166bc5b48d58,27bcda00-90fc-3e8d-b6a9-8d12981dbaec
mdali93,4a201843-2b84-4a09-8bbc-496970264ad3
kyfien,5ad33030-43fc-42a8-857e-3b662896c5fe
vegamissyl,c1c4d143-2eb3-4b89-a34c-41bd801530c6
hydrolien,18f22ccb-b2e3-46b6-8df9-b3843ef57c74
ikiler6,ae80adf9-284b-409e-9882-6d9a1488cde9
ab7ab625_de61_3421_93f7_55c234d11f03,746589c8-3c57-3dbf-b35c-59960419df1a
petitmulot,12705a1b-56b6-4c3e-a6d0-209371f067b6
